S. No. ,Name of the Agency,No.of ULBs,"Total Quantity Awarded
(in MT)","Total Quantity remediated till date
(in MT)","Balance Quantity 
(in MT)",% of work,"Required Rate of Progress 
(in MT)","Quantity  remediated per day 
(in MT)"
1.0,2,,3.0,4.0,5.0,6.0,,
1.0,"M/s Tharuni Assosiates & Avinash agency, Guntur ",85.0,1944267.31,513316.56499999994,1430950.745,0.2640154274876945,13408.740068965517,4127.415
2.0,"M/s Zigma global Enviro Solutions Private limited, Erode",26.0,1447375.0,109879.21,1337495.79,0.07591620001727266,9981.896551724138,2295.63
3.0,"M/s Saurashtra Enviro private limited, Gujarat",11.0,314825.0,24655.135000000002,290169.865,0.07831377749543397,2171.206896551724,2252.1899999999996
4.0,M/s Sudhakar Infra Pvt.Ltd.,1.0,63555.0,48419.490000000005,15135.509999999995,0.7618517819211708,1412.3333333333333,944.11
,Total,123.0,3770022.31,696270.3999999999,3073751.91,0.18468601582360394,26974.176850574713,9619.345000000001
